{
  "metrics": [
    {
      "model": "U-Net",
      "seeds": "42/43/44",
      "epoch": "21/24/21",
      "masked_occ_iou": 0.14942682687765343,
      "masked_occ_precision": 0.20093634705382807,
      "masked_occ_recall": 0.3684027912321512,
      "masked_occ_f1": 0.25999772563130613,
      "masked_rmse": 0.05594548060349678,
      "masked_mae": 0.00846362404704634,
      "fused_full_psnr": 33.662946014424165,
      "fused_full_occ_iou": 0.7521976311438725,
      "fused_full_occ_precision": 0.8128650157144602,
      "fused_full_occ_recall": 0.9097423657162421,
      "fused_full_occ_f1": 0.8585713336545009,
      "masked_occ_iou_std": 0.0022892893092960665,
      "masked_occ_precision_std": 0.004637789512544948,
      "masked_occ_recall_std": 0.005574800771631812,
      "masked_occ_f1_std": 0.003468100031836963,
      "masked_rmse_std": 0.00010185873432776549,
      "masked_mae_std": 0.0001731813899334726,
      "fused_full_psnr_std": 0.015806008812942286,
      "fused_full_occ_iou_std": 0.004454411508965976,
      "fused_full_occ_precision_std": 0.005646011085200663,
      "fused_full_occ_recall_std": 0.000796660153442336,
      "fused_full_occ_f1_std": 0.002897787374760803,
      "notes": "Best final model family; mean over 3 seeds."
    },
    {
      "model": "Pix2Pix",
      "seeds": "42",
      "epoch": "21",
      "masked_occ_iou": 0.13165954947180167,
      "masked_occ_precision": 0.2700957605671959,
      "masked_occ_recall": 0.20437540389160894,
      "masked_occ_f1": 0.2326840250378364,
      "masked_rmse": 0.06138619880484645,
      "masked_mae": 0.0074778987008897665,
      "fused_full_psnr": 32.85682177318128,
      "fused_full_occ_iou": 0.8214670618445953,
      "fused_full_occ_precision": 0.9182306692994258,
      "fused_full_occ_recall": 0.8863022305579744,
      "fused_full_occ_f1": 0.9019839875805359,
      "masked_occ_iou_std": 0.0,
      "masked_occ_precision_std": 0.0,
      "masked_occ_recall_std": 0.0,
      "masked_occ_f1_std": 0.0,
      "masked_rmse_std": 0.0,
      "masked_mae_std": 0.0,
      "fused_full_psnr_std": 0.0,
      "fused_full_occ_iou_std": 0.0,
      "fused_full_occ_precision_std": 0.0,
      "fused_full_occ_recall_std": 0.0,
      "fused_full_occ_f1_std": 0.0,
      "notes": "Valid GAN comparison; higher precision but lower recall than U-Net."
    },
    {
      "model": "Diffusion v3",
      "seeds": "42",
      "epoch": "30",
      "masked_occ_iou": 0.04672422152055693,
      "masked_occ_precision": 0.04672422152055693,
      "masked_occ_recall": 1.0,
      "masked_occ_f1": 0.08927704272034807,
      "masked_rmse": 0.3810134548983437,
      "masked_mae": 0.24499839019731892,
      "fused_full_psnr": 16.999430356640197,
      "fused_full_occ_iou": 0.2553920791036521,
      "fused_full_occ_precision": 0.2553920791036521,
      "fused_full_occ_recall": 1.0,
      "fused_full_occ_f1": 0.4068722168232917,
      "masked_occ_iou_std": 0.0,
      "masked_occ_precision_std": 0.0,
      "masked_occ_recall_std": 0.0,
      "masked_occ_f1_std": 0.0,
      "masked_rmse_std": 0.0,
      "masked_mae_std": 0.0,
      "fused_full_psnr_std": 0.0,
      "fused_full_occ_iou_std": 0.0,
      "fused_full_occ_precision_std": 0.0,
      "fused_full_occ_recall_std": 0.0,
      "fused_full_occ_f1_std": 0.0,
      "notes": "Corrected diffusion baseline; recall collapses into too many positives."
    }
  ]
}