{
  "config": {
    "epochs": 40,
    "batch_size": 6,
    "g_lr": 0.0002,
    "d_lr": 0.0002,
    "lambda_adv": 0.1,
    "seed": 42,
    "shared_config": "D:\\MEng_Project\\optuna_unet_run\\best_params.json",
    "loss_l1_weight": 0.8082426103528428,
    "loss_mse_weight": 0.19175738964715716,
    "occ_bce_weight": 0.27840993525472485,
    "occ_weight": 2.7593891857986734,
    "occ_pos_weight": 8,
    "occ_logit_temp": 0.03,
    "occ_threshold": 0.07,
    "amp": true
  },
  "time_minutes": 370.6238486289978,
  "best_epoch": 21,
  "best_val_metrics": {
    "masked_mae": 0.006242030526770646,
    "masked_mse": 0.002870750063807606,
    "masked_rmse": 0.053579380957674436,
    "masked_psnr": 25.42004616850138,
    "masked_occ_iou": 0.16368784106525772,
    "full_mae": 0.0018032876237675467,
    "full_mse": 0.0005865080475016711,
    "full_rmse": 0.0242179282248022,
    "full_psnr": 32.31726024534656,
    "full_occ_iou": 0.8064257760107177,
    "fused_full_mae": 0.000858029516209893,
    "fused_full_mse": 0.0003946133037709935,
    "fused_full_rmse": 0.019864876132787576,
    "fused_full_psnr": 34.03828277277097,
    "fused_full_occ_iou": 0.8335152567021249,
    "per_layer_masked_mae": [
      0.014468101536410738,
      0.003159330535664453,
      0.00045139943660982756,
      0.0002155273181482517,
      0.025983171235785727,
      0.004512439056382166,
      0.0007325311075765682,
      0.00041374394744563556
    ],
    "per_layer_masked_rmse": [
      0.06403781178579623,
      0.028026456026396432,
      0.013124296044096923,
      0.007403325421073951,
      0.1214393951105585,
      0.048350038484253635,
      0.02216862394248367,
      0.01661084001937526
    ],
    "per_layer_full_mae": [
      0.0034990057000960895,
      0.0013440418146306817,
      0.0007064406145881204,
      0.0002862001004142557,
      0.005574952986610127,
      0.001733903067032921,
      0.0008957448521578375,
      0.0003860120916519573
    ],
    "per_layer_full_rmse": [
      0.027070135452018043,
      0.01559299352587116,
      0.012665699435595841,
      0.00650727517127533,
      0.04997719125378576,
      0.023373095452391232,
      0.01815021086386122,
      0.01182856143865215
    ]
  },
  "test_metrics": {
    "masked_mae": 0.0074778987008897665,
    "masked_mse": 0.003768265403708132,
    "masked_rmse": 0.06138619880484645,
    "masked_psnr": 24.23858516891169,
    "masked_occ_iou": 0.13696114096337145,
    "full_mae": 0.002194465533052206,
    "full_mse": 0.0007493038348452984,
    "full_rmse": 0.027373414745794838,
    "full_psnr": 31.253420447302183,
    "full_occ_iou": 0.7809069571666208,
    "fused_full_mae": 0.0010279119554243074,
    "fused_full_mse": 0.0005179857623937198,
    "fused_full_rmse": 0.02275930056907988,
    "fused_full_psnr": 32.85682177318128,
    "fused_full_occ_iou": 0.81297429342831,
    "per_layer_masked_mae": [
      0.013595312109500162,
      0.005830639069199014,
      0.002054066675864223,
      0.0007305022424604967,
      0.025040771171345615,
      0.008671889140499465,
      0.002719005386875394,
      0.0011810037527446525
    ],
    "per_layer_masked_rmse": [
      0.06358462487336636,
      0.04522710895804561,
      0.030949977786212557,
      0.015239252951374994,
      0.12274062874190345,
      0.07222943423893219,
      0.04279250482499516,
      0.02745796458498558
    ],
    "per_layer_full_mae": [
      0.003311953557666677,
      0.0020885701528837257,
      0.0012015870090605204,
      0.0005097265313775827,
      0.005459976698718953,
      0.002789300317315438,
      0.0015232158369570597,
      0.0006713943902076457
    ],
    "per_layer_full_rmse": [
      0.027226717331621717,
      0.021452173761939124,
      0.01692584022178685,
      0.009001699580004916,
      0.05120273407930064,
      0.03191711031818074,
      0.023613575636769215,
      0.015079901358059528
    ]
  }
}