{
  "runs": [
    {
      "run_root": "D:\\MEng_Project\\training_unet_optuna_seed42",
      "config": {
        "epochs": 80,
        "batch_size": 12,
        "features": [
          16,
          32,
          64,
          128
        ],
        "lr": 0.0001,
        "seed": 42,
        "loss_l1_weight": 0.8082426103528428,
        "loss_mse_weight": 0.19175738964715716,
        "occ_weight": 2.7593891857986734,
        "occ_threshold": 0.07,
        "occ_bce_weight": 0.27840993525472485,
        "occ_pos_weight": 8,
        "occ_logit_temp": 0.03
      },
      "best_epoch": 21,
      "test_metrics": {
        "masked_mae": 0.008347048625560998,
        "masked_mse": 0.0031227681138826647,
        "masked_rmse": 0.05588173327557642,
        "masked_psnr": 25.054602638005953,
        "masked_occ_iou": 0.15003829002039507,
        "full_mae": 0.005164396615693991,
        "full_mse": 0.0018737485674960015,
        "full_rmse": 0.04328681747941285,
        "full_psnr": 27.2728868616705,
        "full_occ_iou": 0.4328490546855505,
        "fused_full_mae": 0.0011473853040696147,
        "fused_full_mse": 0.0004292557049343111,
        "fused_full_rmse": 0.020718487032945022,
        "fused_full_psnr": 33.67283924227554,
        "fused_full_occ_iou": 0.7502214497902128,
        "per_layer_masked_mae": [
          0.016056551869735182,
          0.010195870823103683,
          0.006715724726304086,
          0.004363320022734562,
          0.019632937540224035,
          0.005315125501912795,
          0.0031109780084864562,
          0.0013858803121651012
        ],
        "per_layer_masked_rmse": [
          0.06083247164383352,
          0.04365796817045981,
          0.03126134347589129,
          0.01623136235782269,
          0.10967316711083624,
          0.05940490827500209,
          0.04272099806453361,
          0.027433157911661996
        ],
        "per_layer_full_mae": [
          0.005667483960463184,
          0.00841657551944501,
          0.0045634887760237,
          0.0027473789551271245,
          0.00592810372264841,
          0.00796072764833166,
          0.003989916623587831,
          0.0020414977599822032
        ],
        "per_layer_full_rmse": [
          0.028259010581916696,
          0.049345343288119854,
          0.02990500078508112,
          0.017480797444488088,
          0.04860112033691572,
          0.06927860682721763,
          0.04863972046735094,
          0.03208037029588104
        ]
      }
    },
    {
      "run_root": "D:\\MEng_Project\\training_unet_optuna_seed43",
      "config": {
        "epochs": 80,
        "batch_size": 12,
        "features": [
          16,
          32,
          64,
          128
        ],
        "lr": 0.0001,
        "seed": 43,
        "loss_l1_weight": 0.8082426103528428,
        "loss_mse_weight": 0.19175738964715716,
        "occ_weight": 2.7593891857986734,
        "occ_threshold": 0.07,
        "occ_bce_weight": 0.27840993525472485,
        "occ_pos_weight": 8,
        "occ_logit_temp": 0.03
      },
      "best_epoch": 24,
      "test_metrics": {
        "masked_mae": 0.008662622177262573,
        "masked_mse": 0.003123888162188158,
        "masked_rmse": 0.05589175397308764,
        "masked_psnr": 25.053045226225137,
        "masked_occ_iou": 0.1468938929893705,
        "full_mae": 0.007082150969310556,
        "full_mse": 0.0031431549392600664,
        "full_rmse": 0.05606384698948215,
        "full_psnr": 25.026342102623545,
        "full_occ_iou": 0.18008671335321114,
        "fused_full_mae": 0.0011907640444865134,
        "fused_full_mse": 0.0004294096667743842,
        "fused_full_rmse": 0.0207222022665156,
        "fused_full_psnr": 33.67128183049473,
        "fused_full_occ_iou": 0.7490732028439322,
        "per_layer_masked_mae": [
          0.016094069171628495,
          0.008710303308798094,
          0.009519751741836741,
          0.005319036537634943,
          0.020013554481155476,
          0.005295484387652158,
          0.0029983041829883643,
          0.00135047335518232
        ],
        "per_layer_masked_rmse": [
          0.060847062151242054,
          0.04346578583766249,
          0.032147025793972085,
          0.016686400205303945,
          0.10943532821939399,
          0.05942315456690999,
          0.042748723283553884,
          0.027439804967714577
        ],
        "per_layer_full_mae": [
          0.01072858481638861,
          0.007754993228252007,
          0.005236880441898207,
          0.0031928543461686213,
          0.01578929239055444,
          0.007805147679230824,
          0.004005492248014535,
          0.0021439627292937392
        ],
        "per_layer_full_rmse": [
          0.053968172183811114,
          0.04904025569353211,
          0.029937533069868676,
          0.018263906825452907,
          0.10270538674166581,
          0.06864707595452581,
          0.048132051177099115,
          0.03194356786971069
        ]
      }
    },
    {
      "run_root": "D:\\MEng_Project\\training_unet_optuna_seed44",
      "config": {
        "epochs": 80,
        "batch_size": 12,
        "features": [
          16,
          32,
          64,
          128
        ],
        "lr": 0.0001,
        "seed": 44,
        "loss_l1_weight": 0.8082426103528428,
        "loss_mse_weight": 0.19175738964715716,
        "occ_weight": 2.7593891857986734,
        "occ_threshold": 0.07,
        "occ_bce_weight": 0.27840993525472485,
        "occ_pos_weight": 8,
        "occ_logit_temp": 0.03
      },
      "best_epoch": 21,
      "test_metrics": {
        "masked_mae": 0.00838120133831545,
        "masked_mse": 0.003143054874201399,
        "masked_rmse": 0.056062954561826285,
        "masked_psnr": 25.026480366232633,
        "masked_occ_iou": 0.1513482976231947,
        "full_mae": 0.006575792416034245,
        "full_mse": 0.002708743320616298,
        "full_rmse": 0.052045588867994354,
        "full_psnr": 25.67232146580501,
        "full_occ_iou": 0.31069841045566937,
        "fused_full_mae": 0.0011520799359648417,
        "fused_full_mse": 0.0004320443230077243,
        "fused_full_rmse": 0.02078567590933055,
        "fused_full_psnr": 33.64471697050222,
        "fused_full_occ_iou": 0.7572982407974724,
        "per_layer_masked_mae": [
          0.014476102998525335,
          0.009392094016970168,
          0.0046817405601575855,
          0.008881943144762637,
          0.0197262714671522,
          0.005627516400608933,
          0.002796844778123462,
          0.001467097154499657
        ],
        "per_layer_masked_rmse": [
          0.06145926102629466,
          0.04345277658271189,
          0.03083680467500757,
          0.02020077986364875,
          0.10963967757350349,
          0.0593053389772611,
          0.042777361823075066,
          0.02742607422532086
        ],
        "per_layer_full_mae": [
          0.01078693480600069,
          0.005975322559377744,
          0.003917181794545068,
          0.005022185553489949,
          0.01591383943117317,
          0.005041332216836075,
          0.003975464832235089,
          0.001974078210565593
        ],
        "per_layer_full_rmse": [
          0.05584376924886956,
          0.030507689179304767,
          0.03103328435969493,
          0.018018954531983152,
          0.10451488005831523,
          0.04433063777698277,
          0.049286311003849746,
          0.03186295353352127
        ]
      }
    }
  ],
  "aggregate": {
    "masked_occ_iou": {
      "mean": 0.14942682687765343,
      "std": 0.0022892893092960665
    },
    "masked_rmse": {
      "mean": 0.05594548060349678,
      "std": 0.00010185873432776549
    },
    "masked_mae": {
      "mean": 0.00846362404704634,
      "std": 0.0001731813899334726
    },
    "masked_psnr": {
      "mean": 25.044709410154574,
      "std": 0.015806008812942286
    },
    "fused_full_psnr": {
      "mean": 33.662946014424165,
      "std": 0.015806008812942286
    },