{
  "runs": [
    {
      "seed": 42,
      "checkpoint_epoch": 21,
      "test_metrics": {
        "masked_mae": 0.008347048625560998,
        "masked_mse": 0.0031227681138826647,
        "masked_rmse": 0.05588173327557642,
        "masked_psnr": 25.054602638005953,
        "masked_occ_iou": 0.15003829002039507,
        "masked_occ_precision": 0.200208851585239,
        "masked_occ_recall": 0.37450642414212487,
        "masked_occ_f1": 0.2609274688023374,
        "full_mae": 0.005164396615693991,
        "full_mse": 0.0018737485674960015,
        "full_rmse": 0.04328681747941285,
        "full_psnr": 27.2728868616705,
        "full_occ_iou": 0.4328490546855505,
        "full_occ_precision": 0.671284718204859,
        "full_occ_recall": 0.5492714850291379,
        "full_occ_f1": 0.6041795585795916,
        "fused_full_mae": 0.0011473853040696147,
        "fused_full_mse": 0.0004292557049343111,
        "fused_full_rmse": 0.020718487032945022,
        "fused_full_psnr": 33.67283924227554,
        "fused_full_occ_iou": 0.7502214497902128,
        "fused_full_occ_precision": 0.8098606431204045,
        "fused_full_occ_recall": 0.9106145979860227,
        "fused_full_occ_f1": 0.8572874591156869,
        "per_layer_masked_mae": [
          0.016056551869735182,
          0.010195870823103683,
          0.006715724726304086,
          0.004363320022734562,
          0.019632937540224035,
          0.005315125501912795,
          0.0031109780084864562,
          0.0013858803121651012
        ],
        "per_layer_masked_rmse": [
          0.06083247164383352,
          0.04365796817045981,
          0.03126134347589129,
          0.01623136235782269,
          0.10967316711083624,
          0.05940490827500209,
          0.04272099806453361,
          0.027433157911661996
        ],
        "per_layer_full_mae": [
          0.005667483960463184,
          0.00841657551944501,
          0.0045634887760237,
          0.0027473789551271245,
          0.00592810372264841,
          0.00796072764833166,
          0.003989916623587831,
          0.0020414977599822032
        ],
        "per_layer_full_rmse": [
          0.028259010581916696,
          0.049345343288119854,
          0.02990500078508112,
          0.017480797444488088,
          0.04860112033691572,
          0.06927860682721763,
          0.04863972046735094,
          0.03208037029588104
        ]
      },
      "source": "01_unet_final/results/seed42/test_metrics_refresh.json"
    },
    {
      "seed": 43,
      "checkpoint_epoch": 24,
      "test_metrics": {
        "masked_mae": 0.008662622177262573,
        "masked_mse": 0.003123888162188158,
        "masked_rmse": 0.05589175397308764,
        "masked_psnr": 25.053045226225137,
        "masked_occ_iou": 0.1468938929893705,
        "masked_occ_precision": 0.1967052983486643,
        "masked_occ_recall": 0.3671223168160154,
        "masked_occ_f1": 0.2561595172618675,
        "full_mae": 0.007082150969310556,
        "full_mse": 0.0031431549392600664,
        "full_rmse": 0.05606384698948215,
        "full_psnr": 25.026342102623545,
        "full_occ_iou": 0.18008671335321114,
        "full_occ_precision": 0.4642797567305813,
        "full_occ_recall": 0.2273240449237502,
        "full_occ_f1": 0.30520928897080035,
        "fused_full_mae": 0.0011907640444865134,
        "fused_full_mse": 0.0004294096667743842,
        "fused_full_rmse": 0.0207222022665156,
        "fused_full_psnr": 33.67128183049473,
        "fused_full_occ_iou": 0.7490732028439322,
        "fused_full_occ_precision": 0.8093564385805054,
        "fused_full_occ_recall": 0.9095593810703999,
        "fused_full_occ_f1": 0.8565372811451976,
        "per_layer_masked_mae": [
          0.016094069171628495,
          0.008710303308798094,
          0.009519751741836741,
          0.005319036537634943,
          0.020013554481155476,
          0.005295484387652158,
          0.0029983041829883643,
          0.00135047335518232
        ],
        "per_layer_masked_rmse": [
          0.060847062151242054,
          0.04346578583766249,
          0.032147025793972085,
          0.016686400205303945,
          0.10943532821939399,
          0.05942315456690999,
          0.042748723283553884,
          0.027439804967714577
        ],
        "per_layer_full_mae": [
          0.01072858481638861,
          0.007754993228252007,
          0.005236880441898207,
          0.0031928543461686213,
          0.01578929239055444,
          0.007805147679230824,
          0.004005492248014535,
          0.0021439627292937392
        ],
        "per_layer_full_rmse": [
          0.053968172183811114,
          0.04904025569353211,
          0.029937533069868676,
          0.018263906825452907,
          0.10270538674166581,
          0.06864707595452581,
          0.048132051177099115,
          0.03194356786971069
        ]
      },
      "source": "01_unet_final/results/seed43/test_metrics_refresh.json"
    },
    {
      "seed": 44,
      "checkpoint_epoch": 21,
      "test_metrics": {
        "masked_mae": 0.00838120133831545,
        "masked_mse": 0.003143054874201399,
        "masked_rmse": 0.056062954561826285,
        "masked_psnr": 25.026480366232633,
        "masked_occ_iou": 0.1513482976231947,
        "masked_occ_precision": 0.2058948912275809,
        "masked_occ_recall": 0.36357963273831323,
        "masked_occ_f1": 0.2629061908297135,
        "full_mae": 0.006575792416034245,
        "full_mse": 0.002708743320616298,
        "full_rmse": 0.052045588867994354,
        "full_psnr": 25.67232146580501,
        "full_occ_iou": 0.31069841045566937,
        "full_occ_precision": 0.5978554647748168,
        "full_occ_recall": 0.3927868354656485,
        "full_occ_f1": 0.4740959597984923,
        "fused_full_mae": 0.0011520799359648417,
        "fused_full_mse": 0.0004320443230077243,
        "fused_full_rmse": 0.02078567590933055,
        "fused_full_psnr": 33.64471697050222,
        "fused_full_occ_iou": 0.7572982407974724,
        "fused_full_occ_precision": 0.8193779654424709,
        "fused_full_occ_recall": 0.9090531180923036,
        "fused_full_occ_f1": 0.8618892607026182,
        "per_layer_masked_mae": [
          0.014476102998525335,
          0.009392094016970168,
          0.0046817405601575855,
          0.008881943144762637,
          0.0197262714671522,
          0.005627516400608933,
          0.002796844778123462,
          0.001467097154499657
        ],
        "per_layer_masked_rmse": [
          0.06145926102629466,
          0.04345277658271189,
          0.03083680467500757,
          0.02020077986364875,
          0.10963967757350349,
          0.0593053389772611,
          0.042777361823075066,
          0.02742607422532086
        ],
        "per_layer_full_mae": [
          0.01078693480600069,
          0.005975322559377744,
          0.003917181794545068,
          0.005022185553489949,
          0.01591383943117317,
          0.005041332216836075,
          0.003975464832235089,
          0.001974078210565593
        ],
        "per_layer_full_rmse": [
          0.05584376924886956,
          0.030507689179304767,
          0.03103328435969493,
          0.018018954531983152,
          0.10451488005831523,
          0.04433063777698277,
          0.049286311003849746,
          0.03186295353352127
        ]
      },
      "source": "01_unet_final/results/seed44/test_metrics_refresh.json"
    }
  ],
  "aggregate": {
    "masked_occ_iou": {
      "mean": 0.14942682687765343,
      "std": 0.0022892893092960665
    },
    "masked_occ_precision": {
      "mean": 0.20093634705382807,
      "std": 0.004637789512544948
    },
    "masked_occ_recall": {
      "mean": 0.3684027912321512,
      "std": 0.005574800771631812
    },
    "masked_occ_f1": {
      "mean": 0.25999772563130613,
      "std": 0.003468100031836963
    },
    "masked_rmse": {
      "mean": 0.05594548060349678,
      "std": 0.00010185873432776549
    },