{
  "runs": [
    {
      "run_root": "D:\\MEng_Project\\training_seedcheck_a",
      "config": {
        "epochs": 1,
        "batch_size": 12,
        "features": [
          16,
          32,
          64,
          128
        ],
        "lr": 0.0001,
        "seed": 42,
        "loss_l1_weight": 0.7,
        "loss_mse_weight": 0.3,
        "occ_weight": 3.0,
        "occ_threshold": 0.05,
        "occ_bce_weight": 0.35,
        "occ_pos_weight": 12.0,
        "occ_logit_temp": 0.02
      },
      "best_epoch": 1,
      "test_metrics": {
        "masked_mae": 0.19487520485820845,
        "masked_mse": 0.053365709273606524,
        "masked_rmse": 0.23101019300802839,
        "masked_psnr": 12.727377140730553,
        "masked_occ_iou": 0.04672422152055693,
        "full_mae": 0.42817758050050175,
        "full_mse": 0.2016558179565981,
        "full_rmse": 0.44906104034596245,
        "full_psnr": 6.953892436786921,
        "full_occ_iou": 0.04494430506773708,
        "fused_full_mae": 0.02678754565980933,
        "fused_full_mse": 0.007335650396749953,
        "fused_full_rmse": 0.08564841152496615,
        "fused_full_psnr": 21.345613745000144,
        "fused_full_occ_iou": 0.2553920791036521,
        "per_layer_masked_mae": [
          0.25385674640666805,
          0.167125814400124,
          0.16509297098340756,
          0.09486055671550467,
          0.14842847646228782,
          0.08295440519868837,
          0.47410106518055445,
          0.17258160357546698
        ],
        "per_layer_masked_rmse": [
          0.25694378052050076,
          0.17159933248512566,
          0.1688268290846969,
          0.10080019754111919,
          0.16312657771777186,
          0.09966185095209329,
          0.4745161231337068,
          0.1763171678727192
        ],
        "per_layer_full_mae": [
          0.43817482112393374,
          0.5084650918840943,
          0.4881253609194681,
          0.4327216765868038,
          0.3304470403756899,
          0.3846887275150527,
          0.42613749190918215,
          0.4166604536189162
        ],
        "per_layer_full_rmse": [
          0.4485302980190202,
          0.5315827454288815,
          0.509677388750029,
          0.46034404944877383,
          0.3448440320352356,
          0.40803246034452556,
          0.42868361919737913,
          0.434305975196355
        ]
      }
    },
    {
      "run_root": "D:\\MEng_Project\\training_seedcheck_b",
      "config": {
        "epochs": 1,
        "batch_size": 12,
        "features": [
          16,
          32,
          64,
          128
        ],
        "lr": 0.0001,
        "seed": 42,
        "loss_l1_weight": 0.7,
        "loss_mse_weight": 0.3,
        "occ_weight": 3.0,
        "occ_threshold": 0.05,
        "occ_bce_weight": 0.35,
        "occ_pos_weight": 12.0,
        "occ_logit_temp": 0.02
      },
      "best_epoch": 1,
      "test_metrics": {
        "masked_mae": 0.19487520485820845,
        "masked_mse": 0.053365709273606524,
        "masked_rmse": 0.23101019300802839,
        "masked_psnr": 12.727377140730553,
        "masked_occ_iou": 0.04672422152055693,
        "full_mae": 0.42817758050050175,
        "full_mse": 0.2016558179565981,
        "full_rmse": 0.44906104034596245,
        "full_psnr": 6.953892436786921,
        "full_occ_iou": 0.04494430506773708,
        "fused_full_mae": 0.02678754565980933,
        "fused_full_mse": 0.007335650396749953,
        "fused_full_rmse": 0.08564841152496615,
        "fused_full_psnr": 21.345613745000144,
        "fused_full_occ_iou": 0.2553920791036521,
        "per_layer_masked_mae": [
          0.25385674640666805,
          0.167125814400124,
          0.16509297098340756,
          0.09486055671550467,
          0.14842847646228782,
          0.08295440519868837,
          0.47410106518055445,
          0.17258160357546698
        ],
        "per_layer_masked_rmse": [
          0.25694378052050076,
          0.17159933248512566,
          0.1688268290846969,
          0.10080019754111919,
          0.16312657771777186,
          0.09966185095209329,
          0.4745161231337068,
          0.1763171678727192
        ],
        "per_layer_full_mae": [
          0.43817482112393374,
          0.5084650918840943,
          0.4881253609194681,
          0.4327216765868038,
          0.3304470403756899,
          0.3846887275150527,
          0.42613749190918215,
          0.4166604536189162
        ],
        "per_layer_full_rmse": [
          0.4485302980190202,
          0.5315827454288815,
          0.509677388750029,
          0.46034404944877383,
          0.3448440320352356,
          0.40803246034452556,
          0.42868361919737913,
          0.434305975196355
        ]
      }
    }
  ],
  "aggregate": {
    "masked_occ_iou": {
      "mean": 0.04672422152055693,
      "std": 0.0
    },
    "masked_rmse": {
      "mean": 0.23101019300802839,
      "std": 0.0
    },
    "masked_mae": {
      "mean": 0.19487520485820845,
      "std": 0.0
    },
    "masked_psnr": {
      "mean": 12.727377140730553,
      "std": 0.0
    },
    "fused_full_psnr": {
      "mean": 21.345613745000144,
      "std": 0.0
    },
    "fused_full_occ_iou": {
      "mean": 0.2553920791036521,
      "std": 0.0
    },
    "full_psnr": {
      "mean": 6.953892436786921,
      "std": 0.0
    }
  }
}